"dbpedia_3835","musicbrainz_30072","0.9360961624941305"
"dbpedia_3960","musicbrainz_26725","0.9360961624941305"
"dbpedia_2185","musicbrainz_30854","0.9148768424187961"
"dbpedia_6766","musicbrainz_14278","0.9360961624941305"
"dbpedia_6464","musicbrainz_5566","0.9360961624941305"
"dbpedia_524","musicbrainz_4691","0.7529301672694121"
"dbpedia_887","musicbrainz_31987","0.881711897499654"
"dbpedia_7533","musicbrainz_31239","0.8651348003815968"
"dbpedia_9833","musicbrainz_24392","0.9360961624941305"
"dbpedia_4015","musicbrainz_3442","0.9360961624941305"
"dbpedia_477","musicbrainz_27015","0.8992484037283287"
"dbpedia_9130","musicbrainz_28431","0.8874587160105033"
"dbpedia_5632","musicbrainz_32963","0.9360961624941305"
"dbpedia_2003","musicbrainz_28056","0.7059769455514563"
"dbpedia_4621","musicbrainz_27270","0.9083126228074043"
"dbpedia_5420","musicbrainz_6837","0.9360961624941305"
"dbpedia_8999","musicbrainz_11597","0.9044077043118649"
"dbpedia_2191","musicbrainz_3903","0.8992484037283287"
"dbpedia_1952","musicbrainz_20749","0.9189434854035619"
"dbpedia_7655","musicbrainz_6203","0.9360961624941305"
"dbpedia_483","musicbrainz_16376","0.791360465754987"
"dbpedia_3875","musicbrainz_445","0.9360961624941305"
"dbpedia_6896","musicbrainz_16564","0.9360961624941305"
"dbpedia_4391","musicbrainz_26580","0.9020193629592265"
"dbpedia_3833","musicbrainz_729","0.7681734693089599"
"dbpedia_8440","musicbrainz_24382","0.8032528790177469"
"dbpedia_7565","musicbrainz_19966","0.8526317796961523"
"dbpedia_6371","musicbrainz_27273","0.9360961624941305"
"dbpedia_1394","musicbrainz_15389","0.9148768424187961"
"dbpedia_6903","musicbrainz_3588","0.8874587160105033"
"dbpedia_477","musicbrainz_26987","0.9360961624941305"
"dbpedia_1570","musicbrainz_10354","0.9360961624941305"
"dbpedia_9474","musicbrainz_9561","0.8992484037283287"
"dbpedia_1773","musicbrainz_25611","0.9360961624941305"
"dbpedia_4896","musicbrainz_31960","0.9044077043118649"
"dbpedia_1773","musicbrainz_25612","0.9360961624941305"
"dbpedia_8424","musicbrainz_6832","0.9020193629592265"
"dbpedia_9412","musicbrainz_20532","0.8992484037283287"
"dbpedia_949","musicbrainz_2437","0.9201664662472492"
"dbpedia_7287","musicbrainz_17682","0.9360961624941305"
"dbpedia_6678","musicbrainz_812","0.8992484037283287"
"dbpedia_2703","musicbrainz_18198","0.9064868270424128"
"dbpedia_3540","musicbrainz_6848","0.9360961624941305"
"dbpedia_8371","musicbrainz_3537","0.881711897499654"
"dbpedia_12","musicbrainz_19509","0.8651348003815968"
"dbpedia_2102","musicbrainz_30150","0.881711897499654"
"dbpedia_8624","musicbrainz_5615","0.9360961624941305"
"dbpedia_1424","musicbrainz_386","0.9360961624941305"
"dbpedia_8424","musicbrainz_6827","0.9360961624941305"
"dbpedia_6803","musicbrainz_6599","0.8593663783953831"
"dbpedia_6076","musicbrainz_18184","0.9360961624941305"
"dbpedia_7439","musicbrainz_2429","0.9360961624941305"
"dbpedia_6421","musicbrainz_25556","0.8874587160105033"
"dbpedia_1016","musicbrainz_28060","0.8032528790177469"
"dbpedia_2954","musicbrainz_12215","0.9360961624941305"
"dbpedia_4730","musicbrainz_3441","0.9360961624941305"
"dbpedia_9227","musicbrainz_6903","0.9360961624941305"
"dbpedia_2929","musicbrainz_23881","0.8874587160105033"
"dbpedia_275","musicbrainz_25916","0.8744819956754003"
"dbpedia_89","musicbrainz_441","0.9020193629592265"
"dbpedia_8445","musicbrainz_5710","0.9360961624941305"
"dbpedia_2737","musicbrainz_29736","0.8992484037283287"
"dbpedia_7533","musicbrainz_31258","0.9360961624941305"
"dbpedia_6012","musicbrainz_33787","0.8874587160105033"
"dbpedia_189","musicbrainz_13787","0.9360961624941305"
"dbpedia_9072","musicbrainz_23287","0.9360961624941305"
"dbpedia_3756","musicbrainz_29362","0.8651348003815968"
"dbpedia_3958","musicbrainz_12213","0.9360961624941305"
"dbpedia_4804","musicbrainz_20657","0.8744819956754003"
"dbpedia_9483","musicbrainz_33833","0.9360961624941305"
"dbpedia_10969","musicbrainz_29728","0.9064868270424128"
"dbpedia_4754","musicbrainz_13735","0.9360961624941305"
"dbpedia_9968","musicbrainz_30486","0.8526317796961523"
"dbpedia_5887","musicbrainz_22455","0.9360961624941305"
"dbpedia_11427","musicbrainz_18363","0.8651348003815968"
"dbpedia_8893","musicbrainz_20938","0.9360961624941305"
"dbpedia_8605","musicbrainz_31367","0.9360961624941305"
"dbpedia_6444","musicbrainz_3503","0.9360961624941305"
"dbpedia_3268","musicbrainz_6878","0.8992484037283287"
"dbpedia_6375","musicbrainz_19831","0.892129522743605"
"dbpedia_2063","musicbrainz_24340","0.9360961624941305"
"dbpedia_6430","musicbrainz_8463","0.7529301672694121"
"dbpedia_4155","musicbrainz_223","0.9360961624941305"
"dbpedia_3664","musicbrainz_23443","0.9064868270424128"
"dbpedia_6725","musicbrainz_17402","0.9360961624941305"
"dbpedia_9199","musicbrainz_15408","0.8093427161032396"
"dbpedia_2134","musicbrainz_18747","0.892129522743605"
"dbpedia_1100","musicbrainz_30498","0.8651348003815968"
"dbpedia_3576","musicbrainz_2069","0.9044077043118649"
"dbpedia_1159","musicbrainz_27684","0.9360961624941305"
"dbpedia_4511","musicbrainz_12439","0.9360961624941305"
"dbpedia_9913","musicbrainz_19066","0.9360961624941305"
"dbpedia_11206","musicbrainz_33624","0.7529301672694121"
"dbpedia_9232","musicbrainz_26655","0.9148768424187961"
"dbpedia_765","musicbrainz_6164","0.9020193629592265"
"dbpedia_3280","musicbrainz_26157","0.9360961624941305"
"dbpedia_2446","musicbrainz_3846","0.9360961624941305"
"dbpedia_2537","musicbrainz_33212","0.9360961624941305"
"dbpedia_10873","musicbrainz_20260","0.7529301672694121"
"dbpedia_2346","musicbrainz_31276","0.881711897499654"
"dbpedia_1147","musicbrainz_9860","0.8093427161032396"
"dbpedia_3795","musicbrainz_23105","0.9167135709236456"
"dbpedia_4161","musicbrainz_19510","0.9360961624941305"
"dbpedia_9234","musicbrainz_17734","0.8651348003815968"
"dbpedia_184","musicbrainz_31993","0.9360961624941305"
"dbpedia_3454","musicbrainz_1960","0.8992484037283287"
"dbpedia_4015","musicbrainz_3443","0.9360961624941305"
"dbpedia_9398","musicbrainz_14850","0.9360961624941305"
"dbpedia_8596","musicbrainz_31967","0.9360961624941305"
"dbpedia_339","musicbrainz_4514","0.8032528790177469"
"dbpedia_3614","musicbrainz_1927","0.9360961624941305"
"dbpedia_5431","musicbrainz_30858","0.9360961624941305"
"dbpedia_1382","musicbrainz_31966","0.9099283705171025"
"dbpedia_9971","musicbrainz_2608","0.8874587160105033"
"dbpedia_5708","musicbrainz_31242","0.892129522743605"
"dbpedia_11026","musicbrainz_5757","0.791360465754987"
"dbpedia_1737","musicbrainz_30754","0.9360961624941305"
"dbpedia_5947","musicbrainz_29253","0.892129522743605"
"dbpedia_2448","musicbrainz_116","0.9360961624941305"
"dbpedia_5907","musicbrainz_14849","0.9360961624941305"
"dbpedia_4826","musicbrainz_28280","0.9360961624941305"
"dbpedia_3393","musicbrainz_26544","0.881711897499654"
"dbpedia_10841","musicbrainz_15410","0.8959965851224624"
"dbpedia_458","musicbrainz_3032","0.9360961624941305"
"dbpedia_9477","musicbrainz_5754","0.9360961624941305"
"dbpedia_6273","musicbrainz_30330","0.9020193629592265"
"dbpedia_2061","musicbrainz_2018","0.9360961624941305"
"dbpedia_82","musicbrainz_414","0.8874587160105033"
"dbpedia_5865","musicbrainz_14354","0.9064868270424128"
"dbpedia_4521","musicbrainz_14473","0.9126588531785367"
"dbpedia_9469","musicbrainz_9451","0.9360961624941305"
"dbpedia_1935","musicbrainz_22919","0.9148768424187961"
"dbpedia_9971","musicbrainz_2594","0.9360961624941305"
"dbpedia_8032","musicbrainz_31474","0.9360961624941305"
"dbpedia_1502","musicbrainz_728","0.8874587160105033"
"dbpedia_2443","musicbrainz_9242","0.7681734693089599"
"dbpedia_2111","musicbrainz_17412","0.9360961624941305"
"dbpedia_278","musicbrainz_30332","0.9360961624941305"
"dbpedia_3875","musicbrainz_413","0.9044077043118649"
"dbpedia_1975","musicbrainz_8778","0.9360961624941305"
"dbpedia_8476","musicbrainz_11587","0.9360961624941305"
"dbpedia_3310","musicbrainz_33614","0.8651348003815968"
"dbpedia_11045","musicbrainz_18369","0.8093427161032396"
"dbpedia_997","musicbrainz_8901","0.8959965851224624"
"dbpedia_2890","musicbrainz_20946","0.9360961624941305"
"dbpedia_4490","musicbrainz_27275","0.8874587160105033"
"dbpedia_4669","musicbrainz_27373","0.9044077043118649"
"dbpedia_2062","musicbrainz_18749","0.8992484037283287"
"dbpedia_2985","musicbrainz_8823","0.9360961624941305"
"dbpedia_554","musicbrainz_33250","0.9360961624941305"
"dbpedia_9913","musicbrainz_19007","0.8526317796961523"
"dbpedia_2550","musicbrainz_23254","0.7681734693089599"
"dbpedia_6076","musicbrainz_15285","0.9360961624941305"
"dbpedia_2783","musicbrainz_747","0.8874587160105033"
"dbpedia_2833","musicbrainz_4702","0.9360961624941305"
"dbpedia_6455","musicbrainz_14579","0.9360961624941305"
"dbpedia_6736","musicbrainz_6916","0.9126588531785367"
"dbpedia_10099","musicbrainz_12871","0.9360961624941305"
"dbpedia_8492","musicbrainz_15413","0.8874587160105033"
"dbpedia_9922","musicbrainz_5441","0.9360961624941305"
"dbpedia_443","musicbrainz_4539","0.7529301672694121"
"dbpedia_10379","musicbrainz_6897","0.8959965851224624"
"dbpedia_1860","musicbrainz_28441","0.8992484037283287"
"dbpedia_1722","musicbrainz_6963","0.8651348003815968"
"dbpedia_7439","musicbrainz_2447","0.8744819956754003"
"dbpedia_3313","musicbrainz_6060","0.9054820810521476"
"dbpedia_3519","musicbrainz_9842","0.9360961624941305"
"dbpedia_89","musicbrainz_444","0.9360961624941305"
"dbpedia_4682","musicbrainz_9289","0.9360961624941305"
"dbpedia_1493","musicbrainz_12958","0.8992484037283287"
"dbpedia_9283","musicbrainz_32987","0.9360961624941305"
"dbpedia_6389","musicbrainz_29054","0.892129522743605"
"dbpedia_9516","musicbrainz_13340","0.8651348003815968"
"dbpedia_5431","musicbrainz_23300","0.8651348003815968"
"dbpedia_8046","musicbrainz_2598","0.9360961624941305"
"dbpedia_2739","musicbrainz_31948","0.9360961624941305"
"dbpedia_6141","musicbrainz_13453","0.9360961624941305"
"dbpedia_4412","musicbrainz_18436","0.7529301672694121"
"dbpedia_7600","musicbrainz_18761","0.9360961624941305"
"dbpedia_2332","musicbrainz_9218","0.8526317796961523"
"dbpedia_9412","musicbrainz_20522","0.9360961624941305"
"dbpedia_3529","musicbrainz_15297","0.8351653585464953"
"dbpedia_138","musicbrainz_17425","0.9360961624941305"
"dbpedia_729","musicbrainz_33157","0.9148768424187961"
"dbpedia_5282","musicbrainz_18201","0.9360961624941305"
"dbpedia_9653","musicbrainz_23272","0.9360961624941305"
"dbpedia_4474","musicbrainz_23997","0.8526317796961523"
"dbpedia_6678","musicbrainz_807","0.9360961624941305"
"dbpedia_9283","musicbrainz_32990","0.9360961624941305"
"dbpedia_307","musicbrainz_10132","0.8526317796961523"
"dbpedia_6262","musicbrainz_29738","0.9126588531785367"
"dbpedia_6736","musicbrainz_8255","0.9360961624941305"
"dbpedia_2395","musicbrainz_30089","0.9360961624941305"
"dbpedia_1697","musicbrainz_15582","0.9360961624941305"
"dbpedia_9686","musicbrainz_6622","0.7681734693089599"
"dbpedia_3174","musicbrainz_20557","0.881711897499654"
"dbpedia_436","musicbrainz_22051","0.9360961624941305"
"dbpedia_7846","musicbrainz_1517","0.9360961624941305"
"dbpedia_541","musicbrainz_27295","0.8874587160105033"
"dbpedia_10806","musicbrainz_31951","0.897141344639188"
"dbpedia_6593","musicbrainz_18758","0.9360961624941305"
"dbpedia_3294","musicbrainz_19584","0.7681734693089599"
"dbpedia_2102","musicbrainz_4532","0.9360961624941305"
"dbpedia_8787","musicbrainz_28439","0.9044077043118649"
"dbpedia_5420","musicbrainz_6826","0.8651348003815968"
"dbpedia_2461","musicbrainz_13801","0.9360961624941305"
"dbpedia_6526","musicbrainz_8300","0.9360961624941305"
"dbpedia_9706","musicbrainz_25532","0.9360961624941305"
"dbpedia_193","musicbrainz_31014","0.9360961624941305"
"dbpedia_4521","musicbrainz_14489","0.9360961624941305"
"dbpedia_4821","musicbrainz_19561","0.9360961624941305"
"dbpedia_3131","musicbrainz_9145","0.9360961624941305"
"dbpedia_2148","musicbrainz_13338","0.8651348003815968"
"dbpedia_4338","musicbrainz_28784","0.8744819956754003"
"dbpedia_385","musicbrainz_8504","0.9360961624941305"
"dbpedia_887","musicbrainz_6466","0.9360961624941305"
"dbpedia_1445","musicbrainz_9475","0.8992484037283287"
"dbpedia_5594","musicbrainz_18844","0.9360961624941305"
"dbpedia_11296","musicbrainz_33225","0.8351653585464953"
"dbpedia_9735","musicbrainz_7039","0.8874587160105033"
"dbpedia_1756","musicbrainz_23986","0.8874587160105033"
"dbpedia_4813","musicbrainz_20816","0.9360961624941305"
"dbpedia_2031","musicbrainz_30969","0.9360961624941305"
"dbpedia_634","musicbrainz_29898","0.9360961624941305"
"dbpedia_283","musicbrainz_510","0.892129522743605"
"dbpedia_8047","musicbrainz_29251","0.8992484037283287"
"dbpedia_3196","musicbrainz_15697","0.9360961624941305"
"dbpedia_3182","musicbrainz_14083","0.9360961624941305"
"dbpedia_5160","musicbrainz_7901","0.9360961624941305"
"dbpedia_10224","musicbrainz_8484","0.9044077043118649"
"dbpedia_6012","musicbrainz_3845","0.9360961624941305"
"dbpedia_7993","musicbrainz_30199","0.9360961624941305"
"dbpedia_896","musicbrainz_23256","0.9360961624941305"
"dbpedia_10181","musicbrainz_14861","0.8959965851224624"
"dbpedia_9233","musicbrainz_29403","0.9360961624941305"
"dbpedia_8310","musicbrainz_20911","0.9360961624941305"
"dbpedia_5402","musicbrainz_14288","0.8093427161032396"
"dbpedia_8427","musicbrainz_16126","0.8651348003815968"
"dbpedia_1937","musicbrainz_18764","0.9360961624941305"
"dbpedia_4024","musicbrainz_32907","0.8093427161032396"
"dbpedia_657","musicbrainz_1955","0.9360961624941305"
"dbpedia_9436","musicbrainz_7900","0.9207150631482252"
"dbpedia_62","musicbrainz_415","0.9360961624941305"
"dbpedia_3118","musicbrainz_20337","0.8093427161032396"
"dbpedia_7729","musicbrainz_13446","0.8744819956754003"
"dbpedia_8187","musicbrainz_26773","0.9099283705171025"
"dbpedia_5037","musicbrainz_6492","0.9360961624941305"
"dbpedia_4370","musicbrainz_14863","0.9138225104148273"
"dbpedia_8884","musicbrainz_2640","0.9360961624941305"
"dbpedia_3529","musicbrainz_15284","0.7249924568577935"
"dbpedia_7337","musicbrainz_29725","0.892129522743605"
"dbpedia_2234","musicbrainz_20936","0.8651348003815968"
"dbpedia_2211","musicbrainz_3435","0.9360961624941305"
"dbpedia_283","musicbrainz_26722","0.8236131596840286"
"dbpedia_8187","musicbrainz_26777","0.9360961624941305"
"dbpedia_501","musicbrainz_29902","0.9360961624941305"
"dbpedia_4205","musicbrainz_10483","0.9360961624941305"
"dbpedia_7616","musicbrainz_32959","0.9360961624941305"
"dbpedia_1383","musicbrainz_23998","0.892129522743605"
"dbpedia_7065","musicbrainz_8773","0.9360961624941305"
"dbpedia_7137","musicbrainz_12045","0.9360961624941305"
"dbpedia_5053","musicbrainz_14744","0.9360961624941305"
"dbpedia_4241","musicbrainz_4516","0.9360961624941305"
"dbpedia_5701","musicbrainz_224","0.9360961624941305"
"dbpedia_578","musicbrainz_3422","0.9360961624941305"
"dbpedia_3132","musicbrainz_4190","0.9360961624941305"
"dbpedia_9283","musicbrainz_32961","0.7681734693089599"
"dbpedia_9971","musicbrainz_2644","0.9360961624941305"
"dbpedia_7331","musicbrainz_373","0.9360961624941305"
"dbpedia_6576","musicbrainz_25391","0.9360961624941305"
"dbpedia_11346","musicbrainz_32394","0.9360961624941305"
"dbpedia_8440","musicbrainz_24333","0.8874587160105033"
"dbpedia_3156","musicbrainz_3562","0.9360961624941305"
"dbpedia_4892","musicbrainz_33628","0.9360961624941305"
"dbpedia_2010","musicbrainz_6130","0.9360961624941305"
"dbpedia_10466","musicbrainz_10852","0.8526317796961523"
"dbpedia_5950","musicbrainz_31275","0.8992484037283287"
"dbpedia_4321","musicbrainz_27593","0.9360961624941305"
"dbpedia_949","musicbrainz_2450","0.9360961624941305"
"dbpedia_6224","musicbrainz_18648","0.9360961624941305"
"dbpedia_3163","musicbrainz_30759","0.9360961624941305"
"dbpedia_4294","musicbrainz_25987","0.9360961624941305"
"dbpedia_11188","musicbrainz_12863","0.9360961624941305"
"dbpedia_5327","musicbrainz_26116","0.9360961624941305"
"dbpedia_9005","musicbrainz_19887","0.9360961624941305"
"dbpedia_10866","musicbrainz_733","0.9360961624941305"
"dbpedia_7383","musicbrainz_1483","0.8526317796961523"
"dbpedia_9407","musicbrainz_32335","0.8093427161032396"
"dbpedia_8562","musicbrainz_27361","0.892129522743605"
"dbpedia_1238","musicbrainz_18753","0.9360961624941305"
"dbpedia_9198","musicbrainz_9288","0.9360961624941305"
"dbpedia_2814","musicbrainz_3684","0.8526317796961523"
"dbpedia_3212","musicbrainz_9478","0.8874587160105033"
"dbpedia_7518","musicbrainz_10011","0.8651348003815968"
"dbpedia_11008","musicbrainz_13470","0.7606349644323627"
"dbpedia_810","musicbrainz_9578","0.8651348003815968"
"dbpedia_3154","musicbrainz_13448","0.8959965851224624"
"dbpedia_8474","musicbrainz_8816","0.9360961624941305"
"dbpedia_4872","musicbrainz_10758","0.9229759694817307"
"dbpedia_339","musicbrainz_4515","0.9044077043118649"
"dbpedia_8900","musicbrainz_18372","0.8959965851224624"
"dbpedia_10371","musicbrainz_5711","0.9175182732609555"
"dbpedia_3540","musicbrainz_6881","0.9360961624941305"
"dbpedia_2817","musicbrainz_26161","0.9360961624941305"
"dbpedia_3378","musicbrainz_26517","0.9360961624941305"
"dbpedia_3980","musicbrainz_29374","0.9064868270424128"
"dbpedia_5032","musicbrainz_28782","0.9360961624941305"
"dbpedia_11220","musicbrainz_4597","0.9360961624941305"
"dbpedia_895","musicbrainz_3043","0.9138225104148273"
"dbpedia_8635","musicbrainz_5752","0.9360961624941305"
"dbpedia_1518","musicbrainz_12079","0.8744819956754003"
"dbpedia_3710","musicbrainz_15567","0.9360961624941305"
"dbpedia_1399","musicbrainz_8256","0.8874587160105033"
"dbpedia_7230","musicbrainz_812","0.9360961624941305"
"dbpedia_6879","musicbrainz_11791","0.9360961624941305"
"dbpedia_5797","musicbrainz_24540","0.9360961624941305"
"dbpedia_9754","musicbrainz_23454","0.9360961624941305"
"dbpedia_240","musicbrainz_1475","0.8874587160105033"
"dbpedia_2915","musicbrainz_12867","0.8874587160105033"
"dbpedia_7872","musicbrainz_10548","0.8032528790177469"
"dbpedia_2042","musicbrainz_17155","0.9360961624941305"
"dbpedia_10593","musicbrainz_9916","0.8744819956754003"
"dbpedia_9283","musicbrainz_32971","0.9360961624941305"
"dbpedia_10117","musicbrainz_3046","0.9360961624941305"
"dbpedia_11513","musicbrainz_18657","0.9360961624941305"
"dbpedia_8658","musicbrainz_24139","0.881711897499654"
"dbpedia_3949","musicbrainz_18221","0.9064868270424128"
"dbpedia_9767","musicbrainz_8240","0.9167135709236456"
"dbpedia_2588","musicbrainz_31983","0.9360961624941305"
"dbpedia_6138","musicbrainz_4089","0.9360961624941305"
"dbpedia_2004","musicbrainz_715","0.9138225104148273"
"dbpedia_3705","musicbrainz_8480","0.9360961624941305"
"dbpedia_9302","musicbrainz_29242","0.9360961624941305"
"dbpedia_3934","musicbrainz_8825","0.9360961624941305"
"dbpedia_5072","musicbrainz_1489","0.9360961624941305"
"dbpedia_6656","musicbrainz_12684","0.9360961624941305"
"dbpedia_10465","musicbrainz_9590","0.9360961624941305"
"dbpedia_74","musicbrainz_5770","0.9360961624941305"
"dbpedia_5793","musicbrainz_6082","0.8351653585464953"
"dbpedia_9577","musicbrainz_3495","0.8959965851224624"
"dbpedia_5727","musicbrainz_29256","0.9360961624941305"
"dbpedia_6656","musicbrainz_12672","0.8992484037283287"
"dbpedia_5854","musicbrainz_17163","0.881711897499654"
"dbpedia_6156","musicbrainz_6469","0.9360961624941305"
"dbpedia_2696","musicbrainz_16120","0.9360961624941305"
"dbpedia_2353","musicbrainz_6502","0.9360961624941305"
"dbpedia_4898","musicbrainz_2044","0.8093427161032396"
"dbpedia_7872","musicbrainz_10550","0.752033610860686"
"dbpedia_6356","musicbrainz_18144","0.9020193629592265"
"dbpedia_7533","musicbrainz_31269","0.9360961624941305"
"dbpedia_4586","musicbrainz_27681","0.9044077043118649"
"dbpedia_656","musicbrainz_22681","0.881711897499654"
"dbpedia_2016","musicbrainz_12689","0.9360961624941305"
"dbpedia_5529","musicbrainz_3427","0.8351653585464953"
"dbpedia_4205","musicbrainz_10480","0.9360961624941305"
"dbpedia_3126","musicbrainz_8843","0.892129522743605"
"dbpedia_11137","musicbrainz_1585","0.8992484037283287"
"dbpedia_10605","musicbrainz_23273","0.9360961624941305"
"dbpedia_1502","musicbrainz_741","0.9360961624941305"
"dbpedia_6187","musicbrainz_24862","0.9360961624941305"
"dbpedia_4970","musicbrainz_28019","0.9044077043118649"
"dbpedia_2648","musicbrainz_26614","0.8526317796961523"
"dbpedia_1737","musicbrainz_30751","0.8959965851224624"
"dbpedia_1405","musicbrainz_15845","0.8093427161032396"
"dbpedia_1389","musicbrainz_14577","0.9360961624941305"
"dbpedia_5687","musicbrainz_32279","0.8992484037283287"
"dbpedia_2700","musicbrainz_6833","0.9360961624941305"
"dbpedia_5917","musicbrainz_27375","0.9360961624941305"
"dbpedia_7066","musicbrainz_33189","0.9020193629592265"
"dbpedia_10245","musicbrainz_10575","0.9113680841809894"
"dbpedia_7993","musicbrainz_22391","0.9064868270424128"
"dbpedia_1744","musicbrainz_27242","0.9360961624941305"
"dbpedia_6441","musicbrainz_23288","0.8351653585464953"
"dbpedia_1368","musicbrainz_21830","0.8651348003815968"
"dbpedia_7574","musicbrainz_14580","0.9360961624941305"
"dbpedia_2731","musicbrainz_15291","0.8874587160105033"
"dbpedia_4095","musicbrainz_7921","0.9360961624941305"
"dbpedia_483","musicbrainz_16363","0.791360465754987"
"dbpedia_10896","musicbrainz_29479","0.9360961624941305"
"dbpedia_1905","musicbrainz_13485","0.7727181515286599"
"dbpedia_4804","musicbrainz_20639","0.8744819956754003"
"dbpedia_10504","musicbrainz_27249","0.8651348003815968"
"dbpedia_5824","musicbrainz_3076","0.9360961624941305"
"dbpedia_6514","musicbrainz_30481","0.9360961624941305"
"dbpedia_5517","musicbrainz_16143","0.881711897499654"
"dbpedia_8395","musicbrainz_19833","0.8526317796961523"
"dbpedia_5718","musicbrainz_14460","0.9360961624941305"
"dbpedia_6112","musicbrainz_16747","0.9360961624941305"
"dbpedia_6327","musicbrainz_9811","0.9360961624941305"
"dbpedia_4205","musicbrainz_10481","0.9360961624941305"
"dbpedia_864","musicbrainz_8295","0.8992484037283287"
"dbpedia_864","musicbrainz_8294","0.9360961624941305"
"dbpedia_9050","musicbrainz_6915","0.9360961624941305"
"dbpedia_3173","musicbrainz_10850","0.9360961624941305"
"dbpedia_8046","musicbrainz_2620","0.9064868270424128"
"dbpedia_4205","musicbrainz_25519","0.8874587160105033"
"dbpedia_6412","musicbrainz_32400","0.9360961624941305"
"dbpedia_4214","musicbrainz_11188","0.9360961624941305"
"dbpedia_3087","musicbrainz_29258","0.9360961624941305"
"dbpedia_3949","musicbrainz_18240","0.9360961624941305"
"dbpedia_7592","musicbrainz_423","0.9044077043118649"
"dbpedia_3645","musicbrainz_14279","0.9360961624941305"
"dbpedia_6102","musicbrainz_1501","0.7529301672694121"
"dbpedia_2056","musicbrainz_17151","0.8959965851224624"
"dbpedia_3801","musicbrainz_12436","0.8744819956754003"
"dbpedia_10462","musicbrainz_7911","0.9360961624941305"
"dbpedia_10442","musicbrainz_2036","0.8526317796961523"
"dbpedia_3240","musicbrainz_18777","0.7681734693089599"
"dbpedia_6573","musicbrainz_24553","0.9360961624941305"
"dbpedia_10268","musicbrainz_4192","0.8526317796961523"
"dbpedia_10204","musicbrainz_33623","0.8093427161032396"
"dbpedia_11273","musicbrainz_26080","0.9360961624941305"
"dbpedia_3190","musicbrainz_30069","0.8959965851224624"
"dbpedia_4862","musicbrainz_8155","0.9360961624941305"
"dbpedia_7578","musicbrainz_5738","0.881711897499654"
"dbpedia_5203","musicbrainz_15415","0.9360961624941305"
"dbpedia_2880","musicbrainz_31900","0.881711897499654"
"dbpedia_9553","musicbrainz_20543","0.9360961624941305"
"dbpedia_4669","musicbrainz_27362","0.9044077043118649"
"dbpedia_5171","musicbrainz_1952","0.8744819956754003"
"dbpedia_666","musicbrainz_18461","0.9360961624941305"
"dbpedia_8602","musicbrainz_10854","0.892129522743605"
"dbpedia_1221","musicbrainz_23252","0.9360961624941305"
"dbpedia_10452","musicbrainz_17391","0.9083126228074043"
"dbpedia_11396","musicbrainz_27836","0.9360961624941305"
"dbpedia_4006","musicbrainz_3563","0.9360961624941305"
"dbpedia_9227","musicbrainz_6899","0.9360961624941305"
"dbpedia_10379","musicbrainz_6902","0.8959965851224624"
"dbpedia_1489","musicbrainz_9720","0.9360961624941305"
"dbpedia_6381","musicbrainz_3104","0.9360961624941305"
"dbpedia_6804","musicbrainz_33622","0.9360961624941305"
"dbpedia_9241","musicbrainz_14855","0.9126588531785367"
"dbpedia_5718","musicbrainz_15384","0.9083126228074043"
"dbpedia_8630","musicbrainz_30316","0.9360961624941305"
"dbpedia_4243","musicbrainz_32334","0.9044077043118649"
"dbpedia_1394","musicbrainz_14465","0.9360961624941305"
"dbpedia_9978","musicbrainz_28352","0.881711897499654"
"dbpedia_7230","musicbrainz_807","0.8992484037283287"
"dbpedia_4391","musicbrainz_26548","0.9360961624941305"
"dbpedia_8440","musicbrainz_24381","0.8032528790177469"
"dbpedia_9283","musicbrainz_32970","0.9360961624941305"
"dbpedia_5069","musicbrainz_4191","0.892129522743605"
"dbpedia_5596","musicbrainz_24341","0.9360961624941305"
"dbpedia_3173","musicbrainz_10877","0.8959965851224624"
"dbpedia_9289","musicbrainz_15484","0.8744819956754003"
"dbpedia_9767","musicbrainz_8228","0.9360961624941305"
"dbpedia_9724","musicbrainz_14235","0.8874587160105033"
"dbpedia_1522","musicbrainz_6645","0.9099283705171025"
"dbpedia_6449","musicbrainz_6865","0.892129522743605"
"dbpedia_4586","musicbrainz_27686","0.9360961624941305"
"dbpedia_2221","musicbrainz_15869","0.8744819956754003"
"dbpedia_2111","musicbrainz_17414","0.9126588531785367"
"dbpedia_8440","musicbrainz_24385","0.8032528790177469"
"dbpedia_670","musicbrainz_1477","0.8899091805371672"
"dbpedia_4569","musicbrainz_32975","0.9360961624941305"
"dbpedia_9923","musicbrainz_15373","0.9158364811764608"
"dbpedia_11319","musicbrainz_20261","0.7529301672694121"
"dbpedia_9398","musicbrainz_14870","0.8874587160105033"
"dbpedia_2970","musicbrainz_6081","0.8992484037283287"
"dbpedia_10742","musicbrainz_26560","0.9360961624941305"
"dbpedia_11217","musicbrainz_27302","0.8959965851224624"
"dbpedia_3949","musicbrainz_18234","0.9360961624941305"
"dbpedia_5327","musicbrainz_12510","0.7681734693089599"
"dbpedia_3540","musicbrainz_6880","0.9360961624941305"
"dbpedia_4621","musicbrainz_27230","0.9360961624941305"
"dbpedia_5293","musicbrainz_14285","0.9360961624941305"
"dbpedia_11469","musicbrainz_24450","0.8526317796961523"
"dbpedia_2017","musicbrainz_20815","0.9360961624941305"
"dbpedia_4331","musicbrainz_33244","0.9360961624941305"
"dbpedia_3835","musicbrainz_30066","0.9195774771492424"
"dbpedia_4015","musicbrainz_3429","0.9360961624941305"
"dbpedia_3529","musicbrainz_18183","0.7249924568577935"
"dbpedia_1891","musicbrainz_14581","0.9360961624941305"
"dbpedia_10373","musicbrainz_17431","0.9360961624941305"
"dbpedia_9301","musicbrainz_11724","0.9099283705171025"
"dbpedia_6224","musicbrainz_6054","0.9020193629592265"
"dbpedia_87","musicbrainz_13447","0.8959965851224624"
"dbpedia_4359","musicbrainz_33122","0.9099283705171025"
"dbpedia_8147","musicbrainz_9207","0.8992484037283287"
"dbpedia_2696","musicbrainz_16121","0.9064868270424128"
"dbpedia_8979","musicbrainz_18860","0.8351653585464953"
"dbpedia_2220","musicbrainz_3031","0.8651348003815968"
"dbpedia_2334","musicbrainz_10353","0.8351653585464953"
"dbpedia_4543","musicbrainz_24473","0.9360961624941305"
"dbpedia_9971","musicbrainz_2645","0.9360961624941305"
"dbpedia_10121","musicbrainz_20890","0.8093427161032396"
"dbpedia_3715","musicbrainz_26612","0.9360961624941305"
"dbpedia_3378","musicbrainz_19898","0.9360961624941305"
"dbpedia_7702","musicbrainz_17669","0.9360961624941305"
"dbpedia_8589","musicbrainz_26050","0.9360961624941305"
"dbpedia_2985","musicbrainz_8811","0.9246587403824965"
"dbpedia_3894","musicbrainz_20745","0.7681734693089599"
"dbpedia_3193","musicbrainz_8067","0.9360961624941305"
"dbpedia_551","musicbrainz_8457","0.7529301672694121"
"dbpedia_7213","musicbrainz_26375","0.8959965851224624"
"dbpedia_8339","musicbrainz_20700","0.9360961624941305"
"dbpedia_3399","musicbrainz_22942","0.9020193629592265"
"dbpedia_6066","musicbrainz_26936","0.9185394429524992"
"dbpedia_7205","musicbrainz_20762","0.9360961624941305"
"dbpedia_1797","musicbrainz_10761","0.8651348003815968"
"dbpedia_5431","musicbrainz_23278","0.7374739316984746"
"dbpedia_8716","musicbrainz_33156","0.9167135709236456"
"dbpedia_455","musicbrainz_9243","0.9360961624941305"
"dbpedia_9227","musicbrainz_6886","0.9083126228074043"
"dbpedia_5824","musicbrainz_3109","0.9148768424187961"
"dbpedia_669","musicbrainz_22340","0.9360961624941305"
"dbpedia_11361","musicbrainz_6871","0.8783151423032317"
"dbpedia_2211","musicbrainz_3425","0.8651348003815968"
"dbpedia_3268","musicbrainz_6879","0.8992484037283287"
"dbpedia_1069","musicbrainz_23983","0.8744819956754003"
"dbpedia_6174","musicbrainz_21321","0.8351653585464953"
"dbpedia_2177","musicbrainz_26028","0.8959965851224624"
"dbpedia_3347","musicbrainz_2048","0.9360961624941305"
"dbpedia_8046","musicbrainz_2622","0.9064868270424128"
"dbpedia_5053","musicbrainz_14731","0.892129522743605"
"dbpedia_3356","musicbrainz_14055","0.9360961624941305"
"dbpedia_6518","musicbrainz_114","0.8351653585464953"
"dbpedia_6272","musicbrainz_2623","0.9360961624941305"
"dbpedia_4205","musicbrainz_10484","0.9360961624941305"
"dbpedia_4762","musicbrainz_31511","0.8959965851224624"
"dbpedia_4464","musicbrainz_3536","0.8959965851224624"
"dbpedia_7454","musicbrainz_3035","0.8526317796961523"
"dbpedia_1563","musicbrainz_23263","0.9360961624941305"
"dbpedia_9792","musicbrainz_13328","0.9113680841809894"
"dbpedia_2938","musicbrainz_2611","0.8744819956754003"
"dbpedia_4263","musicbrainz_5986","0.8744819956754003"
"dbpedia_1342","musicbrainz_31950","0.9360961624941305"
"dbpedia_6386","musicbrainz_20705","0.8526317796961523"
"dbpedia_2185","musicbrainz_23279","0.9360961624941305"
"dbpedia_9227","musicbrainz_6908","0.9360961624941305"
"dbpedia_2713","musicbrainz_25496","0.9044077043118649"
"dbpedia_683","musicbrainz_26538","0.9360961624941305"
"dbpedia_2713","musicbrainz_16286","0.9360961624941305"
"dbpedia_3524","musicbrainz_9710","0.9360961624941305"
"dbpedia_997","musicbrainz_8904","0.9360961624941305"
"dbpedia_5103","musicbrainz_384","0.8526317796961523"
"dbpedia_8831","musicbrainz_9162","0.8351653585464953"
"dbpedia_6737","musicbrainz_20902","0.9360961624941305"
"dbpedia_6133","musicbrainz_1779","0.7529301672694121"
"dbpedia_6462","musicbrainz_28328","0.8874587160105033"
"dbpedia_1465","musicbrainz_3679","0.8372145427859028"
"dbpedia_3268","musicbrainz_6825","0.8992484037283287"
"dbpedia_1527","musicbrainz_18468","0.881711897499654"
"dbpedia_2709","musicbrainz_19967","0.9360961624941305"
"dbpedia_4490","musicbrainz_27265","0.8874587160105033"
"dbpedia_5947","musicbrainz_29231","0.8874587160105033"
"dbpedia_10035","musicbrainz_12429","0.8744819956754003"
"dbpedia_4752","musicbrainz_11588","0.8093427161032396"
"dbpedia_7449","musicbrainz_1479","0.8744819956754003"
"dbpedia_2800","musicbrainz_374","0.8651348003815968"
"dbpedia_6924","musicbrainz_28427","0.9126588531785367"
"dbpedia_1719","musicbrainz_7047","0.8744819956754003"
"dbpedia_5708","musicbrainz_31261","0.9360961624941305"
"dbpedia_7445","musicbrainz_33241","0.9360961624941305"
"dbpedia_7365","musicbrainz_5753","0.9167135709236456"
"dbpedia_4","musicbrainz_22856","0.9360961624941305"
"dbpedia_4741","musicbrainz_19965","0.921227271251442"
"dbpedia_9241","musicbrainz_14872","0.9360961624941305"
"dbpedia_2476","musicbrainz_8090","0.9360961624941305"
"dbpedia_4664","musicbrainz_33209","0.881711897499654"
"dbpedia_8756","musicbrainz_26030","0.9360961624941305"
"dbpedia_10465","musicbrainz_9559","0.8874587160105033"
"dbpedia_2475","musicbrainz_23098","0.9360961624941305"
"dbpedia_1634","musicbrainz_10471","0.9360961624941305"
"dbpedia_6593","musicbrainz_18759","0.9360961624941305"
"dbpedia_3237","musicbrainz_5461","0.881711897499654"
"dbpedia_3618","musicbrainz_4717","0.8874587160105033"
"dbpedia_4205","musicbrainz_25527","0.9360961624941305"
"dbpedia_3968","musicbrainz_791","0.9360961624941305"
"dbpedia_3168","musicbrainz_28291","0.9113680841809894"
"dbpedia_8047","musicbrainz_29234","0.9360961624941305"
"dbpedia_3540","musicbrainz_6882","0.9360961624941305"
"dbpedia_5797","musicbrainz_24557","0.8992484037283287"
"dbpedia_1727","musicbrainz_3663","0.8372145427859028"
"dbpedia_5939","musicbrainz_4698","0.9360961624941305"
"dbpedia_6412","musicbrainz_27378","0.9020193629592265"
"dbpedia_9801","musicbrainz_219","0.8744819956754003"
"dbpedia_2315","musicbrainz_9213","0.8959965851224624"
"dbpedia_8487","musicbrainz_22872","0.9360961624941305"
"dbpedia_302","musicbrainz_24545","0.9113680841809894"
"dbpedia_2051","musicbrainz_2651","0.9113680841809894"
"dbpedia_3795","musicbrainz_23107","0.9167135709236456"
"dbpedia_7083","musicbrainz_31036","0.9360961624941305"
"dbpedia_9284","musicbrainz_732","0.8959965851224624"
"dbpedia_2534","musicbrainz_20554","0.9360961624941305"
"dbpedia_2003","musicbrainz_28058","0.7059769455514563"
"dbpedia_3622","musicbrainz_19173","0.9360961624941305"
"dbpedia_4477","musicbrainz_15451","0.9360961624941305"
"dbpedia_8440","musicbrainz_24384","0.8032528790177469"
"dbpedia_7317","musicbrainz_9138","0.8874587160105033"
"dbpedia_1426","musicbrainz_6471","0.9360961624941305"
"dbpedia_10742","musicbrainz_26581","0.9044077043118649"
"dbpedia_9317","musicbrainz_14472","0.9360961624941305"
"dbpedia_3618","musicbrainz_4713","0.9360961624941305"
"dbpedia_5570","musicbrainz_8141","0.8351653585464953"
"dbpedia_6807","musicbrainz_2800","0.8032528790177469"
"dbpedia_10474","musicbrainz_30648","0.9360961624941305"
"dbpedia_1579","musicbrainz_11586","0.9113680841809894"
"dbpedia_9005","musicbrainz_19899","0.8874587160105033"
"dbpedia_1396","musicbrainz_17721","0.9360961624941305"
"dbpedia_5974","musicbrainz_17001","0.9360961624941305"
"dbpedia_8562","musicbrainz_12459","0.9360961624941305"
"dbpedia_7566","musicbrainz_12314","0.9360961624941305"
"dbpedia_2470","musicbrainz_6720","0.9064868270424128"
"dbpedia_11259","musicbrainz_26996","0.9360961624941305"
"dbpedia_4553","musicbrainz_9915","0.892129522743605"
"dbpedia_2266","musicbrainz_30099","0.9360961624941305"
"dbpedia_11337","musicbrainz_23296","0.9360961624941305"
"dbpedia_7447","musicbrainz_6724","0.9360961624941305"
"dbpedia_3182","musicbrainz_23693","0.9126588531785367"
"dbpedia_3946","musicbrainz_28501","0.9360961624941305"
"dbpedia_7447","musicbrainz_14395","0.9138225104148273"
"dbpedia_2026","musicbrainz_24555","0.9360961624941305"
"dbpedia_3540","musicbrainz_6831","0.9099283705171025"
"dbpedia_8637","musicbrainz_16134","0.9083126228074043"
"dbpedia_1037","musicbrainz_9139","0.8992484037283287"
"dbpedia_10716","musicbrainz_25608","0.8651348003815968"
"dbpedia_8600","musicbrainz_5350","0.9360961624941305"
"dbpedia_3349","musicbrainz_19195","0.881711897499654"
"dbpedia_6132","musicbrainz_14856","0.881711897499654"
"dbpedia_9906","musicbrainz_11719","0.9360961624941305"
"dbpedia_2195","musicbrainz_31277","0.8959965851224624"
"dbpedia_10379","musicbrainz_6905","0.8959965851224624"
"dbpedia_8875","musicbrainz_11176","0.9360961624941305"
"dbpedia_2120","musicbrainz_5742","0.8351653585464953"
"dbpedia_11270","musicbrainz_6906","0.9360961624941305"
"dbpedia_1741","musicbrainz_4733","0.9360961624941305"
"dbpedia_4851","musicbrainz_24558","0.8959965851224624"
"dbpedia_7448","musicbrainz_25971","0.892129522743605"
"dbpedia_3258","musicbrainz_9450","0.9138225104148273"
"dbpedia_6928","musicbrainz_18426","0.896691573760043"
"dbpedia_8999","musicbrainz_22355","0.9360961624941305"
"dbpedia_3553","musicbrainz_20940","0.8526317796961523"
"dbpedia_10795","musicbrainz_33170","0.9083126228074043"
"dbpedia_8522","musicbrainz_29748","0.8874587160105033"
"dbpedia_4669","musicbrainz_12447","0.8032528790177469"
"dbpedia_4844","musicbrainz_14353","0.9044077043118649"
"dbpedia_2073","musicbrainz_5459","0.9360961624941305"
"dbpedia_6670","musicbrainz_33589","0.8874587160105033"
"dbpedia_2003","musicbrainz_28057","0.7059769455514563"
"dbpedia_8064","musicbrainz_22869","0.9099283705171025"
"dbpedia_5925","musicbrainz_370","0.9189434854035619"
"dbpedia_8577","musicbrainz_28609","0.8651348003815968"
"dbpedia_3129","musicbrainz_21822","0.7681734693089599"
"dbpedia_9005","musicbrainz_19902","0.8874587160105033"
"dbpedia_10801","musicbrainz_10635","0.9099283705171025"
"dbpedia_11466","musicbrainz_13345","0.9360961624941305"
"dbpedia_510","musicbrainz_22341","0.9360961624941305"
"dbpedia_4162","musicbrainz_25551","0.9360961624941305"
"dbpedia_1053","musicbrainz_8365","0.9360961624941305"
"dbpedia_8174","musicbrainz_2","0.9020193629592265"
"dbpedia_58","musicbrainz_5767","0.7529301672694121"
"dbpedia_486","musicbrainz_33210","0.9360961624941305"
"dbpedia_2231","musicbrainz_28346","0.881711897499654"
"dbpedia_4357","musicbrainz_24106","0.9360961624941305"
"dbpedia_6803","musicbrainz_6616","0.9360961624941305"
"dbpedia_9380","musicbrainz_8267","0.9360961624941305"
"dbpedia_8920","musicbrainz_18875","0.8351653585464953"
"dbpedia_122","musicbrainz_27262","0.8351653585464953"
"dbpedia_5436","musicbrainz_14451","0.9360961624941305"
"dbpedia_10041","musicbrainz_33190","0.9360961624941305"
"dbpedia_2946","musicbrainz_33175","0.9360961624941305"
"dbpedia_10244","musicbrainz_4150","0.9360961624941305"
"dbpedia_10386","musicbrainz_25554","0.9148768424187961"
"dbpedia_7444","musicbrainz_4189","0.9360961624941305"
"dbpedia_1159","musicbrainz_27677","0.9099283705171025"
"dbpedia_1016","musicbrainz_28061","0.8032528790177469"
"dbpedia_4844","musicbrainz_14351","0.9360961624941305"
"dbpedia_1773","musicbrainz_29103","0.881711897499654"
"dbpedia_9374","musicbrainz_22947","0.9360961624941305"
"dbpedia_3123","musicbrainz_5589","0.9113680841809894"
"dbpedia_5529","musicbrainz_3437","0.8959965851224624"
"dbpedia_6574","musicbrainz_15289","0.9360961624941305"
"dbpedia_5053","musicbrainz_14745","0.9360961624941305"
"dbpedia_4205","musicbrainz_10482","0.9360961624941305"
"dbpedia_2941","musicbrainz_13449","0.9360961624941305"
"dbpedia_6238","musicbrainz_31961","0.8651348003815968"
"dbpedia_3986","musicbrainz_17378","0.8651348003815968"
"dbpedia_4143","musicbrainz_23703","0.881711897499654"
"dbpedia_7312","musicbrainz_746","0.8351653585464953"
"dbpedia_8474","musicbrainz_8774","0.8351653585464953"
"dbpedia_6363","musicbrainz_30344","0.8992484037283287"
"dbpedia_8588","musicbrainz_33853","0.9360961624941305"
"dbpedia_9634","musicbrainz_29601","0.9360961624941305"
"dbpedia_10035","musicbrainz_27383","0.9360961624941305"
"dbpedia_1856","musicbrainz_30085","0.8744819956754003"
"dbpedia_6040","musicbrainz_31905","0.8992484037283287"
"dbpedia_7874","musicbrainz_19512","0.9032562918876019"
"dbpedia_307","musicbrainz_10158","0.9360961624941305"
"dbpedia_7516","musicbrainz_14012","0.9360961624941305"
"dbpedia_9751","musicbrainz_362","0.7529301672694121"
"dbpedia_2182","musicbrainz_17745","0.9360961624941305"
"dbpedia_4681","musicbrainz_14001","0.9360961624941305"
"dbpedia_3457","musicbrainz_21402","0.9064868270424128"
"dbpedia_6707","musicbrainz_8776","0.8874587160105033"
"dbpedia_6526","musicbrainz_8323","0.9167135709236456"
"dbpedia_10982","musicbrainz_32719","0.8351653585464953"
"dbpedia_3268","musicbrainz_6876","0.8992484037283287"
"dbpedia_3978","musicbrainz_2203","0.9020193629592265"
"dbpedia_2766","musicbrainz_3075","0.8959965851224624"
"dbpedia_8652","musicbrainz_29699","0.9360961624941305"
"dbpedia_5632","musicbrainz_32967","0.8992484037283287"
"dbpedia_5341","musicbrainz_18873","0.8744819956754003"
"dbpedia_6387","musicbrainz_17749","0.8593663783953831"
"dbpedia_1559","musicbrainz_30076","0.892129522743605"
"dbpedia_3175","musicbrainz_19583","0.9360961624941305"
"dbpedia_3960","musicbrainz_503","0.8992484037283287"
"dbpedia_3950","musicbrainz_9816","0.8651348003815968"
"dbpedia_4516","musicbrainz_12435","0.8526317796961523"
"dbpedia_6363","musicbrainz_30315","0.8959965851224624"
"dbpedia_5053","musicbrainz_14746","0.9360961624941305"
"dbpedia_5294","musicbrainz_6864","0.9360961624941305"
"dbpedia_6813","musicbrainz_4722","0.9138225104148273"
"dbpedia_9803","musicbrainz_26166","0.8992484037283287"
"dbpedia_9953","musicbrainz_19050","0.9360961624941305"
"dbpedia_6465","musicbrainz_3040","0.892129522743605"
"dbpedia_10677","musicbrainz_33176","0.8874587160105033"
"dbpedia_2168","musicbrainz_1950","0.9360961624941305"
"dbpedia_1073","musicbrainz_6320","0.7529301672694121"
"dbpedia_8481","musicbrainz_18755","0.9360961624941305"
"dbpedia_2639","musicbrainz_17684","0.9360961624941305"
"dbpedia_7686","musicbrainz_13336","0.9360961624941305"
"dbpedia_6363","musicbrainz_30346","0.8992484037283287"
"dbpedia_1271","musicbrainz_31959","0.9360961624941305"
"dbpedia_9603","musicbrainz_8539","0.8959965851224624"
"dbpedia_1016","musicbrainz_28059","0.8032528790177469"
"dbpedia_10371","musicbrainz_15372","0.9360961624941305"
"dbpedia_3640","musicbrainz_4534","0.9360961624941305"
"dbpedia_7356","musicbrainz_23846","0.9360961624941305"
"dbpedia_4382","musicbrainz_8085","0.9044077043118649"
"dbpedia_5917","musicbrainz_27357","0.9360961624941305"
"dbpedia_3182","musicbrainz_14097","0.9126588531785367"
"dbpedia_442","musicbrainz_24531","0.7529301672694121"
"dbpedia_6371","musicbrainz_27226","0.9113680841809894"
"dbpedia_4567","musicbrainz_6144","0.9360961624941305"
"dbpedia_6412","musicbrainz_27367","0.9020193629592265"
"dbpedia_7616","musicbrainz_32989","0.9044077043118649"
"dbpedia_1610","musicbrainz_7903","0.8874587160105033"
"dbpedia_8046","musicbrainz_2625","0.9064868270424128"
"dbpedia_1226","musicbrainz_6477","0.892129522743605"
"dbpedia_4490","musicbrainz_27227","0.9360961624941305"
"dbpedia_1482","musicbrainz_30086","0.8651348003815968"
"dbpedia_2194","musicbrainz_20907","0.8651348003815968"
"dbpedia_5109","musicbrainz_28498","0.8744819956754003"
"dbpedia_3219","musicbrainz_14011","0.9020193629592265"
"dbpedia_4945","musicbrainz_28627","0.9360961624941305"
"dbpedia_200","musicbrainz_18492","0.8651348003815968"
"dbpedia_5278","musicbrainz_20820","0.9360961624941305"
"dbpedia_4871","musicbrainz_18767","0.9360961624941305"
"dbpedia_7466","musicbrainz_25482","0.9360961624941305"
"dbpedia_6421","musicbrainz_25563","0.9360961624941305"
"dbpedia_3708","musicbrainz_8849","0.8526317796961523"
"dbpedia_9035","musicbrainz_789","0.9360961624941305"
"dbpedia_4078","musicbrainz_11804","0.8744819956754003"
"dbpedia_1552","musicbrainz_5621","0.8351653585464953"
"dbpedia_699","musicbrainz_13106","0.9360961624941305"
"dbpedia_7244","musicbrainz_15694","0.9064868270424128"
"dbpedia_8630","musicbrainz_30345","0.9099283705171025"
"dbpedia_7615","musicbrainz_5739","0.8744819956754003"
"dbpedia_672","musicbrainz_14859","0.9360961624941305"
"dbpedia_4084","musicbrainz_3074","0.8651348003815968"
"dbpedia_5936","musicbrainz_6763","0.9126588531785367"
"dbpedia_8187","musicbrainz_26787","0.9099283705171025"
"dbpedia_5646","musicbrainz_29107","0.9360961624941305"
"dbpedia_2488","musicbrainz_346","0.881711897499654"
"dbpedia_10629","musicbrainz_28554","0.8651348003815968"
"dbpedia_1697","musicbrainz_15561","0.8351653585464953"
"dbpedia_1925","musicbrainz_9560","0.9360961624941305"
"dbpedia_137","musicbrainz_19834","0.8874587160105033"
"dbpedia_3641","musicbrainz_5596","0.9360961624941305"
"dbpedia_501","musicbrainz_11199","0.881711897499654"
"dbpedia_113","musicbrainz_3426","0.9360961624941305"
"dbpedia_2790","musicbrainz_23982","0.7529301672694121"
"dbpedia_10287","musicbrainz_30645","0.9360961624941305"
"dbpedia_3355","musicbrainz_29899","0.9360961624941305"
"dbpedia_3202","musicbrainz_9707","0.892129522743605"
"dbpedia_4518","musicbrainz_20643","0.9360961624941305"
"dbpedia_5420","musicbrainz_6828","0.8651348003815968"
"dbpedia_651","musicbrainz_9576","0.9360961624941305"
"dbpedia_3939","musicbrainz_381","0.9360961624941305"
"dbpedia_670","musicbrainz_1496","0.9158364811764608"
"dbpedia_6317","musicbrainz_797","0.9360961624941305"
"dbpedia_6254","musicbrainz_27693","0.9360961624941305"
"dbpedia_8331","musicbrainz_23855","0.9360961624941305"
"dbpedia_3206","musicbrainz_33855","0.9360961624941305"
"dbpedia_6040","musicbrainz_31896","0.9360961624941305"
"dbpedia_6702","musicbrainz_4706","0.8959965851224624"
"dbpedia_350","musicbrainz_29901","0.8417016194255669"
"dbpedia_4323","musicbrainz_32082","0.9360961624941305"
"dbpedia_5959","musicbrainz_6609","0.9360961624941305"
"dbpedia_5599","musicbrainz_13949","0.8744819956754003"
"dbpedia_2766","musicbrainz_3107","0.9360961624941305"
"dbpedia_5647","musicbrainz_9563","0.9360961624941305"
"dbpedia_4037","musicbrainz_12043","0.9099283705171025"
"dbpedia_10367","musicbrainz_20914","0.8651348003815968"
"dbpedia_3532","musicbrainz_8792","0.9360961624941305"
"dbpedia_2872","musicbrainz_31241","0.8526317796961523"
"dbpedia_2276","musicbrainz_24183","0.9360961624941305"
"dbpedia_8244","musicbrainz_18361","0.9360961624941305"
"dbpedia_9923","musicbrainz_5712","0.9360961624941305"
"dbpedia_8440","musicbrainz_24380","0.8032528790177469"
"dbpedia_9669","musicbrainz_12862","0.9360961624941305"
"dbpedia_1553","musicbrainz_22347","0.9360961624941305"
"dbpedia_6272","musicbrainz_2607","0.8959965851224624"
"dbpedia_2026","musicbrainz_24534","0.8651348003815968"
"dbpedia_4639","musicbrainz_17685","0.8651348003815968"
"dbpedia_5954","musicbrainz_29311","0.892129522743605"
"dbpedia_280","musicbrainz_15452","0.8651348003815968"
"dbpedia_8602","musicbrainz_10878","0.9360961624941305"
"dbpedia_4953","musicbrainz_26939","0.8729423253664265"
"dbpedia_2736","musicbrainz_1926","0.9360961624941305"
"dbpedia_9992","musicbrainz_10765","0.9360961624941305"
"dbpedia_8371","musicbrainz_14298","0.9360961624941305"
"dbpedia_1518","musicbrainz_12078","0.9360961624941305"
"dbpedia_929","musicbrainz_10451","0.9360961624941305"
"dbpedia_6786","musicbrainz_798","0.8651348003815968"
"dbpedia_6589","musicbrainz_2790","0.9360961624941305"
"dbpedia_10467","musicbrainz_31009","0.9360961624941305"
"dbpedia_339","musicbrainz_4544","0.9044077043118649"
"dbpedia_1037","musicbrainz_9928","0.9360961624941305"
"dbpedia_5220","musicbrainz_3847","0.9360961624941305"
"dbpedia_5634","musicbrainz_25915","0.892129522743605"
"dbpedia_864","musicbrainz_8284","0.8992484037283287"
"dbpedia_4095","musicbrainz_7892","0.8651348003815968"
"dbpedia_699","musicbrainz_30406","0.892129522743605"
"dbpedia_7942","musicbrainz_19555","0.9360961624941305"
"dbpedia_2678","musicbrainz_15405","0.9099283705171025"
"dbpedia_4901","musicbrainz_1762","0.8992484037283287"
"dbpedia_4826","musicbrainz_28286","0.8992484037283287"
"dbpedia_7439","musicbrainz_20754","0.9360961624941305"
"dbpedia_7288","musicbrainz_3286","0.9360961624941305"
"dbpedia_4754","musicbrainz_13723","0.9126588531785367"
"dbpedia_7624","musicbrainz_12455","0.881711897499654"
"dbpedia_2472","musicbrainz_3843","0.9360961624941305"
"dbpedia_10443","musicbrainz_4705","0.9044077043118649"
"dbpedia_10912","musicbrainz_20533","0.9360961624941305"
"dbpedia_7959","musicbrainz_17376","0.9360961624941305"
"dbpedia_1519","musicbrainz_25360","0.8093427161032396"
"dbpedia_552","musicbrainz_21904","0.9360961624941305"
"dbpedia_10339","musicbrainz_24481","0.892129522743605"
"dbpedia_6254","musicbrainz_27683","0.9360961624941305"
"dbpedia_9577","musicbrainz_3505","0.9360961624941305"
"dbpedia_6809","musicbrainz_6596","0.9167135709236456"
"dbpedia_4578","musicbrainz_12048","0.9083126228074043"
"dbpedia_6593","musicbrainz_18746","0.881711897499654"
"dbpedia_5616","musicbrainz_5598","0.9083126228074043"
"dbpedia_2003","musicbrainz_28055","0.8032528790177469"
"dbpedia_10203","musicbrainz_22206","0.9360961624941305"
"dbpedia_7530","musicbrainz_9672","0.8744819956754003"
"dbpedia_1212","musicbrainz_8069","0.892129522743605"
"dbpedia_8139","musicbrainz_429","0.9360961624941305"
"dbpedia_2688","musicbrainz_23089","0.8651348003815968"
"dbpedia_5837","musicbrainz_9813","0.7681734693089599"
"dbpedia_1657","musicbrainz_12434","0.881711897499654"
"dbpedia_11214","musicbrainz_13347","0.892129522743605"
"dbpedia_3171","musicbrainz_19198","0.9360961624941305"
"dbpedia_2111","musicbrainz_17413","0.9126588531785367"
"dbpedia_3795","musicbrainz_23090","0.9360961624941305"
"dbpedia_6468","musicbrainz_793","0.9360961624941305"
"dbpedia_7617","musicbrainz_9663","0.9360961624941305"
"dbpedia_157","musicbrainz_29427","0.9360961624941305"
"dbpedia_10616","musicbrainz_10764","0.9360961624941305"
"dbpedia_7815","musicbrainz_32332","0.9360961624941305"
"dbpedia_10379","musicbrainz_6901","0.8959965851224624"
"dbpedia_1625","musicbrainz_22048","0.8959965851224624"
"dbpedia_7265","musicbrainz_24901","0.8874587160105033"
"dbpedia_7448","musicbrainz_26658","0.9167135709236456"
"dbpedia_10645","musicbrainz_210","0.9360961624941305"
"dbpedia_553","musicbrainz_21827","0.8526317796961523"
"dbpedia_8047","musicbrainz_29255","0.8992484037283287"
"dbpedia_1484","musicbrainz_1779","0.7529301672694121"
"dbpedia_9317","musicbrainz_14488","0.881711897499654"
"dbpedia_9530","musicbrainz_20802","0.9360961624941305"
"dbpedia_9469","musicbrainz_9462","0.9044077043118649"
"dbpedia_1489","musicbrainz_9705","0.8651348003815968"
"dbpedia_1925","musicbrainz_9593","0.8874587160105033"
"dbpedia_5573","musicbrainz_8818","0.9360961624941305"
"dbpedia_872","musicbrainz_30061","0.7003339281259506"
"dbpedia_4205","musicbrainz_25365","0.9360961624941305"
"dbpedia_3557","musicbrainz_5985","0.9064868270424128"
"dbpedia_6444","musicbrainz_3494","0.8874587160105033"
"dbpedia_949","musicbrainz_20757","0.9201664662472492"
"dbpedia_6639","musicbrainz_22328","0.9360961624941305"
"dbpedia_3201","musicbrainz_8375","0.9360961624941305"
"dbpedia_8884","musicbrainz_2628","0.8959965851224624"
"dbpedia_2872","musicbrainz_31260","0.9360961624941305"
"dbpedia_1699","musicbrainz_23255","0.9360961624941305"
"dbpedia_8167","musicbrainz_10612","0.8992484037283287"
"dbpedia_5947","musicbrainz_29248","0.9360961624941305"
"dbpedia_11301","musicbrainz_33609","0.9020193629592265"
"dbpedia_11055","musicbrainz_5975","0.8744819956754003"
"dbpedia_5947","musicbrainz_29229","0.892129522743605"
"dbpedia_154","musicbrainz_9579","0.8526317796961523"
"dbpedia_3058","musicbrainz_24347","0.8959965851224624"
"dbpedia_3356","musicbrainz_14071","0.9158364811764608"
"dbpedia_1276","musicbrainz_31957","0.9020193629592265"
"dbpedia_8671","musicbrainz_23092","0.9360961624941305"
"dbpedia_5739","musicbrainz_17442","0.9360961624941305"
"dbpedia_1975","musicbrainz_8813","0.9044077043118649"
"dbpedia_6473","musicbrainz_15688","0.9360961624941305"
"dbpedia_311","musicbrainz_19196","0.9360961624941305"
"dbpedia_10061","musicbrainz_4153","0.9360961624941305"
"dbpedia_5959","musicbrainz_25546","0.9360961624941305"
"dbpedia_2960","musicbrainz_29363","0.8526317796961523"
"dbpedia_11292","musicbrainz_10050","0.9360961624941305"
"dbpedia_8887","musicbrainz_15406","0.8093427161032396"
"dbpedia_2470","musicbrainz_6697","0.9360961624941305"
"dbpedia_4247","musicbrainz_13846","0.8874587160105033"
"dbpedia_4080","musicbrainz_8145","0.8093427161032396"
"dbpedia_3949","musicbrainz_18226","0.9360961624941305"
"dbpedia_7445","musicbrainz_33223","0.8744819956754003"
"dbpedia_4383","musicbrainz_8092","0.9360961624941305"
"dbpedia_10716","musicbrainz_25589","0.9360961624941305"
"dbpedia_8522","musicbrainz_29710","0.9360961624941305"
"dbpedia_10841","musicbrainz_15403","0.9360961624941305"
"dbpedia_4804","musicbrainz_20640","0.9360961624941305"
"dbpedia_2293","musicbrainz_8378","0.8744819956754003"
"dbpedia_2436","musicbrainz_33177","0.8959965851224624"
"dbpedia_5499","musicbrainz_27013","0.7529301672694121"
"dbpedia_3222","musicbrainz_375","0.881711897499654"
"dbpedia_71","musicbrainz_23547","0.7529301672694121"
"dbpedia_3190","musicbrainz_30065","0.9360961624941305"
"dbpedia_2108","musicbrainz_28347","0.9360961624941305"
"dbpedia_3581","musicbrainz_1476","0.8874587160105033"
"dbpedia_2145","musicbrainz_28298","0.9360961624941305"
"dbpedia_10051","musicbrainz_18751","0.8526317796961523"
"dbpedia_5529","musicbrainz_3432","0.8959965851224624"
"dbpedia_4405","musicbrainz_22861","0.7529301672694121"
"dbpedia_1391","musicbrainz_6201","0.9360961624941305"
"dbpedia_2298","musicbrainz_5511","0.8093427161032396"
"dbpedia_1959","musicbrainz_3680","0.8372145427859028"
"dbpedia_5917","musicbrainz_27364","0.9360961624941305"
"dbpedia_5326","musicbrainz_9810","0.9360961624941305"
"dbpedia_388","musicbrainz_30075","0.7529301672694121"
"dbpedia_6036","musicbrainz_21472","0.8651348003815968"
"dbpedia_1635","musicbrainz_8140","0.8874587160105033"
"dbpedia_9520","musicbrainz_6934","0.9360961624941305"
"dbpedia_8531","musicbrainz_33243","0.9360961624941305"
"dbpedia_2996","musicbrainz_26110","0.8417016194255669"
"dbpedia_9283","musicbrainz_32972","0.9360961624941305"
"dbpedia_6795","musicbrainz_5583","0.9360961624941305"
"dbpedia_6660","musicbrainz_22857","0.8744819956754003"
"dbpedia_1078","musicbrainz_17403","0.9360961624941305"
"dbpedia_6788","musicbrainz_21404","0.8351653585464953"
"dbpedia_4403","musicbrainz_8456","0.7529301672694121"
"dbpedia_6803","musicbrainz_25547","0.9020193629592265"
"dbpedia_2779","musicbrainz_20915","0.8874587160105033"
"dbpedia_3583","musicbrainz_21323","0.9360961624941305"
"dbpedia_10021","musicbrainz_10762","0.9360961624941305"
"dbpedia_10722","musicbrainz_22801","0.9360961624941305"
"dbpedia_9577","musicbrainz_3508","0.8992484037283287"
"dbpedia_3517","musicbrainz_8830","0.9360961624941305"
"dbpedia_1037","musicbrainz_9927","0.9360961624941305"
"dbpedia_9939","musicbrainz_9673","0.9360961624941305"
"dbpedia_7468","musicbrainz_20903","0.9360961624941305"
"dbpedia_7234","musicbrainz_9840","0.9126588531785367"
"dbpedia_5801","musicbrainz_28606","0.9360961624941305"
"dbpedia_1876","musicbrainz_2848","0.8351653585464953"
"dbpedia_8251","musicbrainz_28018","0.9360961624941305"
"dbpedia_3206","musicbrainz_33836","0.892129522743605"
"dbpedia_3268","musicbrainz_6877","0.8992484037283287"
"dbpedia_1567","musicbrainz_14019","0.9360961624941305"
"dbpedia_6224","musicbrainz_18649","0.9360961624941305"
"dbpedia_7149","musicbrainz_29734","0.8651348003815968"
"dbpedia_6790","musicbrainz_27225","0.8093427161032396"
"dbpedia_8756","musicbrainz_26045","0.9099283705171025"
"dbpedia_8792","musicbrainz_33166","0.9360961624941305"
"dbpedia_315","musicbrainz_2015","0.892129522743605"
"dbpedia_6381","musicbrainz_3092","0.8874587160105033"
"dbpedia_5038","musicbrainz_12477","0.9360961624941305"
"dbpedia_1465","musicbrainz_3661","0.7346511384832825"
"dbpedia_2135","musicbrainz_29537","0.9064868270424128"
"dbpedia_1240","musicbrainz_8084","0.9360961624941305"
"dbpedia_8806","musicbrainz_11177","0.9360961624941305"
"dbpedia_3507","musicbrainz_18145","0.9360961624941305"
"dbpedia_580","musicbrainz_27253","0.9113680841809894"
"dbpedia_10742","musicbrainz_26583","0.9044077043118649"
"dbpedia_3172","musicbrainz_19968","0.9360961624941305"
"dbpedia_8440","musicbrainz_24383","0.8032528790177469"
"dbpedia_362","musicbrainz_6519","0.9360961624941305"
"dbpedia_7334","musicbrainz_31475","0.9360961624941305"
"dbpedia_71","musicbrainz_23550","0.7529301672694121"
"dbpedia_9603","musicbrainz_14052","0.8959965851224624"
"dbpedia_10283","musicbrainz_6764","0.881711897499654"
"dbpedia_5258","musicbrainz_5987","0.8874587160105033"
"dbpedia_11101","musicbrainz_14359","0.9083126228074043"
"dbpedia_10379","musicbrainz_6884","0.9360961624941305"
"dbpedia_5818","musicbrainz_28438","0.9360961624941305"
"dbpedia_38","musicbrainz_25516","0.9360961624941305"
"dbpedia_6456","musicbrainz_118","0.8351653585464953"
"dbpedia_4877","musicbrainz_2205","0.9083126228074043"
"dbpedia_4064","musicbrainz_12900","0.9020193629592265"
"dbpedia_6576","musicbrainz_33799","0.8744819956754003"
